"utr","ptrn","beta","effect","abs"
"5'UTR","UUUUUUUUA",0.194169528794343,"pos",0.194169528794343
"5'UTR","UUUCUUA",-0.157908763887521,"neg",0.157908763887521
"5'UTR","AUUUUUUUU",-0.164201838338642,"neg",0.164201838338642
"5'UTR","AAUAAA",-0.183430607798314,"neg",0.183430607798314
"5'UTR","AUUAUUA",-0.186179431874064,"neg",0.186179431874064
"5'UTR","AUUUA",-0.189242832165385,"neg",0.189242832165385
"5'UTR","AUUGUUU",-0.193801936934615,"neg",0.193801936934615
"5'UTR","AUUAAA",-0.214332020266973,"neg",0.214332020266973
"5'UTR","AAUUUAA",-0.249772917542365,"neg",0.249772917542365
"5'UTR","UUUAUUA",-0.258460452537808,"neg",0.258460452537808
